label,em,f1,bleu
"(0, 1]",37.153196622436674,47.633000559886426,0.0
"(1, 2]",40.081799591002046,49.625402670835896,1.7325087694905996
"(2, 4]",32.72552783109405,48.118160734105594,7.417247675537264
"(4, 10]",21.247357293868923,42.0133986956427,21.031603404304168
"(10, 30]",10.178117048346056,35.26358831611329,30.1091740550877
