method,parameters,em,f1,bleu
Pretrained,,30.508072174738842,45.685996032709,14.66251714104335
IA3,"282,624",56.60018993352327,71.2800106446833,55.36077622408725
Human,,46.50,69.40,56.00